ID,TIMESTAMP,STOCK,TITLE,URL,TITLE_CLEANED,LEMMATA_NOUN,LEMMATA_VERB,LEMMATA_ADJ,LEMMATA_AUX,LEMMATA_ADV
1,1615993064.0,$AABB,SHORT SQUEEZE ON $AABB $ZOM &amp; $PTTN will move by 500% by end of day !! 3 stocks To Buy !!! =$$$$$$$$$,https://www.reddit.com/r/wallstreetbets/comments/m73l8x/short_squeeze_on_aabb_zom_pttn_will_move_by_500/,SHORT SQUEEZE ON $AABB $ZOM &amp; $PTTN will move by 500% by end of day !! 3 stocks To Buy !!! =$$$$$$$$$,"['squeeze', 'amp', 'end', 'day', 'stock']","['move', 'buy']",['short'],['will'],[]
2,1615993064.0,$ZOM,SHORT SQUEEZE ON $AABB $ZOM &amp; $PTTN will move by 500% by end of day !! 3 stocks To Buy !!! =$$$$$$$$$,https://www.reddit.com/r/wallstreetbets/comments/m73l8x/short_squeeze_on_aabb_zom_pttn_will_move_by_500/,SHORT SQUEEZE ON $AABB $ZOM &amp; $PTTN will move by 500% by end of day !! 3 stocks To Buy !!! =$$$$$$$$$,"['day', 'end', 'stock', 'squeeze', 'amp']","['move', 'buy']",['short'],['will'],[]
3,1615993064.0,$PTTN,SHORT SQUEEZE ON $AABB $ZOM &amp; $PTTN will move by 500% by end of day !! 3 stocks To Buy !!! =$$$$$$$$$,https://www.reddit.com/r/wallstreetbets/comments/m73l8x/short_squeeze_on_aabb_zom_pttn_will_move_by_500/,SHORT SQUEEZE ON $AABB $ZOM &amp; $PTTN will move by 500% by end of day !! 3 stocks To Buy !!! =$$$$$$$$$,"['squeeze', 'amp', 'end', 'day', 'stock']","['move', 'buy']",['short'],['will'],[]
4,1615992978.0,$HUYA,$ROOT &amp; $HUYA,https://www.reddit.com/r/wallstreetbets/comments/m73k6a/root_huya/,$ROOT &amp; $HUYA,"['root', 'amp']",[],[],[],[]
5,1615992978.0,$ROOT,$ROOT &amp; $HUYA,https://www.reddit.com/r/wallstreetbets/comments/m73k6a/root_huya/,$ROOT &amp; $HUYA,"['root', 'amp']",[],[],[],[]
6,1615992940.0,$RIDE,Don't let the shorts win! $RIDE or die w/ Lordstown Motors!!!,https://i.redd.it/j2wajzfv1mn61.png,do not let the shorts win! $RIDE or die w/ Lordstown Motors!!!,"['ride', 'short']","['let', 'win', 'die']",[],['do'],[]
7,1615992706.0,$RKT,"What a Steal $RKT 3/19/2021 $24.89C for $0.74. Delta is 48, for the price of 3 shares MM will buy 48 shares to hedge",https://i.redd.it/zzb90yj61mn61.jpg,"What a Steal $RKT 3/19/2021 $24.89C for $0.74. Delta is 48, for the price of 3 shares MM will buy 48 shares to hedge","['price', 'share', 'share']","['steal', 'buy', 'hedge']",[],"['be', 'will']",[]
8,1615992632.0,$OCRN,$OCRN heavily shorted!!,https://www.reddit.com/r/wallstreetbets/comments/m73fo9/ocrn_heavily_shorted/,$OCRN heavily shorted!!,[],['short'],[],[],['heavily']
9,1615992242.0,$EDU,Any retarded ape care to explain what caused this absurdly big crash of $EDU on 11th of March. Was this stock split?,https://www.reddit.com/gallery/m73amg,Any retarded ape care to explain what caused this absurdly big crash of $EDU on 11th of March. Was this stock split?,"['ape', 'care', 'crash', 'stock', 'split']","['explain', 'cause']","['retarded', 'big']",['be'],['absurdly']
10,1615991947.0,$GME,$GME ROCKETS ENGAGEDüöÄüöÄüöÄ,https://i.redd.it/3kk5uk9xyln61.jpg,$GME ROCKETS ENGAGED,[],[],[],[],[]
11,1615991754.0,$HMNY,$HMNY MoviePass üçø coming back? AMC saw 80% increase in concessions with MoviePass ü§îü§îü§î,https://www.reddit.com/r/wallstreetbets/comments/m7340j/hmny_moviepass_coming_back_amc_saw_80_increase_in/,$HMNY MoviePass coming back? AMC saw 80% increase in concessions with MoviePass,"['concession', 'increase']","['come', 'see']",[],[],['back']
12,1615991454.0,$CCIV,$CCIV forming a nice cup and handle. Do I know what I am talking about? No. Does it mean anything? Probably not.,https://i.redd.it/xiq84yncxln61.png,$CCIV forming a nice cup and handle. Do I know what I am talking about? No. Does it mean anything? Probably not.,['cup'],"['form', 'handle', 'know', 'talk', 'mean']",['nice'],"['do', 'be', 'do']",['probably']
13,1615991190.0,$CLPS,Is $CLPS a diamond in the rough?,https://www.reddit.com/r/wallstreetbets/comments/m72wje/is_clps_a_diamond_in_the_rough/,Is $CLPS a diamond in the rough?,"['diamond', 'rough']",[],[],['be'],[]
14,1615991181.0,$GNUS,$GNUS,https://www.reddit.com/r/wallstreetbets/comments/m72wf6/gnus/,$GNUS,[],[],[],[],[]
15,1615990878.0,$REK,$REK low volume commercial real estate short,https://www.reddit.com/r/wallstreetbets/comments/m72seg/rek_low_volume_commercial_real_estate_short/,$REK low volume commercial real estate short,"['volume', 'estate']",[],"['low', 'commercial', 'real', 'short']",[],[]
16,1615990629.0,$AMC,Got my stimy to buy more $AMC today! Yayyy,https://www.reddit.com/r/wallstreetbets/comments/m72p7z/got_my_stimy_to_buy_more_amc_today_yayyy/,Got my stimy to buy more $AMC today! Yayyy,"['stimy', 'today']","['got', 'buy']",['more'],[],[]
17,1615990236.0,$VIAC,"The Medium Short, that most of you missed...but it may not be over yet $VIAC",https://www.reddit.com/r/wallstreetbets/comments/m72jt7/the_medium_short_that_most_of_you_missedbut_it/,"The Medium Short, that most of you missed...but it may not be over yet $VIAC",[],"['be', 'miss']",['most'],['may'],"['over', 'yet']"
18,1615989957.0,$GME,If by ‚Äúsavings‚Äù you mean $GME then yeah...,https://i.redd.it/2cwehkb0tln61.jpg,If by ‚Äúsavings‚Äù you mean $GME then yeah...,['saving'],['mean'],[],[],['then']
19,1615989639.0,$NKLA,Is $NKLA dead?,https://www.reddit.com/r/wallstreetbets/comments/m72bvw/is_nkla_dead/,Is $NKLA dead?,[],[],"['nkla', 'dead']",['be'],[]
20,1615989520.0,$AMC,$AMC Ent Holdg FRIDAY IS THE MONEY SHOT WE‚ÄôVE BEEN WAITING FOR ü§†ü§†ü§† enjoyn this piece i mightve made,https://i.redd.it/mmaieriprln61.jpg,$AMC Ent Holdg FRIDAY IS THE MONEY SHOT we have BEEN WAITING FOR enjoyn this piece i might have made,"['piece', 'money']","['wait', 'make']",[],"['be', 'have', 'be', 'might', 'have']",[]
21,1615989505.0,$VIAC,$VIAC ViacomCBS is the next YOLO stock in Reddit,https://m.benzinga.com/article/20193265,$VIAC ViacomCBS is the next YOLO stock in Reddit,['stock'],[],['next'],['be'],[]
22,1615989310.0,$AMC,$AMC- FRIDAY IS THE MONEY SHOT WE‚ÄôVE BEEN WAITING FOR ü§†ü§†ü§† enjoyn this piece i mightve made,https://i.redd.it/05x1e0y2rln61.jpg,$AMC- FRIDAY IS THE MONEY SHOT we have BEEN WAITING FOR enjoyn this piece i might have made,"['piece', 'money']","['wait', 'make']",[],"['have', 'be', 'might', 'be', 'have']",[]
23,1615989308.0,$UWMC,"$UWMC: I JUST LIKE THE STOCK! Here's a fancy chart to show you why. Not Financial Advice though, what's that?",https://i.redd.it/x1apgrucqln61.png,"$UWMC: I JUST LIKE THE STOCK! here is a fancy chart to show you why. Not Financial Advice though, what is that?","['stock', 'chart']","['UWMC', 'like', 'show']","['financial', 'fancy']","['be', 'be']","['though', 'why', 'just', 'here']"
24,1615989179.0,$PIKA,Get in early guys! $PIKA ... out for less than 24 hours! What a great community and HUGE potential! The Telegram group is https://t.me/Pikachucoin and the website went live last night... https://www.pikachutoken.com,https://i.redd.it/oozpjpzoqln61.jpg,Get in early guys! $PIKA ... out for less than 24 hours! What a great community and HUGE potential! The Telegram group is https://t.me/Pikachucoin and the website went live last night... https://www.pikachutoken.com,"['guy', 'hour', 'community', 'potential', 'group', 'website', 'night']","['get', 'go']","['early', 'less', 'great', 'huge', 'last']",['be'],['live']
25,1615988997.0,$GME,Mixed YOLOs $GME $AMC $UWMC $XELA $RKT,https://i.redd.it/k65ehl95qln61.jpg,Mixed YOLOs $GME $AMC $UWMC $XELA $RKT,['yolo'],[],['mixed'],[],[]
26,1615988997.0,$UWMC,Mixed YOLOs $GME $AMC $UWMC $XELA $RKT,https://i.redd.it/k65ehl95qln61.jpg,Mixed YOLOs $GME $AMC $UWMC $XELA $RKT,['yolo'],[],['mixed'],[],[]
27,1615988997.0,$XELA,Mixed YOLOs $GME $AMC $UWMC $XELA $RKT,https://i.redd.it/k65ehl95qln61.jpg,Mixed YOLOs $GME $AMC $UWMC $XELA $RKT,['yolo'],[],['mixed'],[],[]
28,1615988997.0,$AMC,Mixed YOLOs $GME $AMC $UWMC $XELA $RKT,https://i.redd.it/k65ehl95qln61.jpg,Mixed YOLOs $GME $AMC $UWMC $XELA $RKT,['yolo'],[],['mixed'],[],[]
29,1615988997.0,$RKT,Mixed YOLOs $GME $AMC $UWMC $XELA $RKT,https://i.redd.it/k65ehl95qln61.jpg,Mixed YOLOs $GME $AMC $UWMC $XELA $RKT,['yolo'],[],['mixed'],[],[]
30,1615988599.0,$RIDE,$Ride dip,https://www.reddit.com/r/wallstreetbets/comments/m71y6s/ride_dip/,$Ride dip,"['ride', 'dip']",[],[],[],[]
31,1615988564.0,$SENS,WE CAN SHORT SQUEEZE $SENS!,https://i.redd.it/lif8whwknln61.png,WE CAN SHORT SQUEEZE $SENS!,[],['squeeze'],['short'],['can'],[]
32,1615988399.0,$ATNF,$ATNF - 180 Life Sciences Corp üî•,https://www.reddit.com/r/wallstreetbets/comments/m71vmv/atnf_180_life_sciences_corp/,$ATNF - 180 Life Sciences Corp,[],[],[],[],[]
33,1615988011.0,$SLGG,$SLGG to the moon boys,https://www.reddit.com/r/wallstreetbets/comments/m71qnv/slgg_to_the_moon_boys/,$SLGG to the moon boys,"['moon', 'boy']",[],[],[],[]
34,1615987910.0,$ATNF,üî• $ATNF - 180 Life Sciences Corpüî•,https://www.reddit.com/r/wallstreetbets/comments/m71per/atnf_180_life_sciences_corp/,$ATNF - 180 Life Sciences Corp,[],[],[],[],[]
35,1615987670.0,$CVAC,$LOAC Merger with $DDD - $MRNA - $CVAC - Covid,https://www.reddit.com/r/wallstreetbets/comments/m71mgr/loac_merger_with_ddd_mrna_cvac_covid/,$LOAC Merger with $DDD - $MRNA - $CVAC - Covid,"['loac', 'merger']",[],[],[],[]
36,1615987670.0,$LOAC,$LOAC Merger with $DDD - $MRNA - $CVAC - Covid,https://www.reddit.com/r/wallstreetbets/comments/m71mgr/loac_merger_with_ddd_mrna_cvac_covid/,$LOAC Merger with $DDD - $MRNA - $CVAC - Covid,"['merger', 'loac']",[],[],[],[]
37,1615987670.0,$MRNA,$LOAC Merger with $DDD - $MRNA - $CVAC - Covid,https://www.reddit.com/r/wallstreetbets/comments/m71mgr/loac_merger_with_ddd_mrna_cvac_covid/,$LOAC Merger with $DDD - $MRNA - $CVAC - Covid,"['loac', 'merger']",[],[],[],[]
38,1615987670.0,$DDD,$LOAC Merger with $DDD - $MRNA - $CVAC - Covid,https://www.reddit.com/r/wallstreetbets/comments/m71mgr/loac_merger_with_ddd_mrna_cvac_covid/,$LOAC Merger with $DDD - $MRNA - $CVAC - Covid,"['loac', 'merger']",[],[],[],[]
39,1615987646.0,$CTSO,GangGreen! $CTSO,https://twitter.com/CytoSorbents/status/1372186058377547777?s=09,GangGreen! $CTSO,[],[],['ctso'],[],[]
40,1615987505.0,$GME,"Decided to drop my Nana's in the $GME Game. Its only a few stocks, but I believe. Harambe Guide Us. Stay Strong Apes.",https://i.redd.it/f89y4q1hlln61.jpg,"Decided to drop my Nana's in the $GME Game. Its only a few stocks, but I believe. Harambe Guide Us. Stay Strong Apes.",['stock'],"['stay', 'believe', 'decide', 'drop']",['few'],[],['only']
41,1615986964.0,$AMC,"Red Light, GREEN LIGHT $AMC &amp; $GMEüöÄüöÄ",https://www.reddit.com/r/wallstreetbets/comments/m71dnr/red_light_green_light_amc_gme/,"Red Light, GREEN LIGHT $AMC &amp; $GME",['amp'],['light'],[],[],[]
42,1615986964.0,$GME,"Red Light, GREEN LIGHT $AMC &amp; $GMEüöÄüöÄ",https://www.reddit.com/r/wallstreetbets/comments/m71dnr/red_light_green_light_amc_gme/,"Red Light, GREEN LIGHT $AMC &amp; $GME",['amp'],['light'],[],[],[]
43,1615986931.0,$PPJE,"$PPJE Interesting Opportunity...OVER 700,000% UPSIDE",https://www.reddit.com/r/wallstreetbets/comments/m71da5/ppje_interesting_opportunityover_700000_upside/,"$PPJE Interesting Opportunity...OVER 700,000% UPSIDE","['opportunity', 'UPSIDE']",[],[],[],[]
44,1615986280.0,$AREC,$AREC to the moon today!,https://seekingalpha.com/news/3673588-rare-earth-buzz-sends-american-resources-up-32-premarket,$AREC to the moon today!,"['today', 'arec', 'moon']",[],[],[],[]
45,1615986278.0,$PLTR,MUST Watch 5 Minute Demo of Using Palantir $PLTR for @IBM Cloud Pak for Data (IBM posted on 3/16) Looks like they are ready to sell for PLTR! (IBM 3000 sales strong)!,https://www.reddit.com/r/wallstreetbets/comments/m7153n/must_watch_5_minute_demo_of_using_palantir_pltr/,MUST Watch 5 Minute Demo of Using Palantir $PLTR for @IBM Cloud Pak for Data (IBM posted on 3/16) Looks like they are ready to sell for PLTR! (IBM 3000 sales strong)!,['sale'],"['be', 'watch', 'use', 'post', 'look', 'sell']","['strong', 'ready']",['must'],[]
46,1615985931.0,$TMBR,$TMBR small public float and high percentage shorted,https://www.reddit.com/r/wallstreetbets/comments/m710l4/tmbr_small_public_float_and_high_percentage/,$TMBR small public float and high percentage shorted,"['float', 'percentage']",['short'],"['high', 'small', 'public']",[],[]
47,1615985898.0,$TLRY,$TLRY üöÄüöÄüöÄ Give some love and buy the dip!!ü§ë,https://www.reddit.com/r/wallstreetbets/comments/m7107e/tlry_give_some_love_and_buy_the_dip/,$TLRY Give some love and buy the dip!!,"['dip', 'tlry', 'love']","['give', 'buy']",[],[],[]
48,1615985659.0,$UWMC,$UWMC | MAKE THIS GODDAMN ü¶ç RICH YOU SON OF A WH*RE - 4400 @ 8.36,https://i.redd.it/ajjige28gln61.jpg,$UWMC | MAKE THIS GODDAMN RICH YOU SON OF A WH*RE - 4400 @ 8.36,['son'],['make'],['rich'],[],[]
49,1615985486.0,$VWAGY,"$VWAGY, do your DD.",https://i.redd.it/yj5lgenpfln61.jpg,"$VWAGY, do your DD.",['dd'],['do'],[],[],[]
50,1615985412.0,$TRUE,TRUECAR YOLO.. $True 100% value play,https://i.redd.it/mxsr2knhfln61.png,TRUECAR YOLO.. $True 100% value play,['value'],['play'],['true'],[],[]
51,1615985280.0,$GPORQ,$GPORQ 0.07..go to the moon i buy more waiting to 1$ goal,https://i.redd.it/gkbl6rh3fln61.jpg,$GPORQ 0.07..go to the moon i buy more waiting to 1$ goal,"['goal', 'moon']","['go', 'buy', 'wait']",['more'],[],[]
52,1615984923.0,$CHIN,$CHIN IS FINNA GET BIGGER THAN UR 250LB UNCLE ON STEROIDS!,https://www.reddit.com/r/wallstreetbets/comments/m70o7i/chin_is_finna_get_bigger_than_ur_250lb_uncle_on/,$CHIN IS fixing to GET BIGGER THAN UR 250LB UNCLE ON STEROIDS!,[],"['fix', 'get']",['big'],['be'],[]
53,1615984782.0,$HMNY,$HMNY üöÄ,https://www.reddit.com/r/wallstreetbets/comments/m70mgm/hmny/,$HMNY,[],[],[],[],[]
54,1615984218.0,$ZCMD,$Zcmd is fire this morning!!,https://www.reddit.com/r/wallstreetbets/comments/m70fpn/zcmd_is_fire_this_morning/,$Zcmd is fire this morning!!,"['fire', 'morning']",[],[],['be'],[]
55,1615983969.0,$GSFI,Green Stream Holdings $GSFI Announces Plans and Preparation for Application to Uplist to OTCQB Venture Market @jctb1,https://www.reddit.com/r/wallstreetbets/comments/m70cu2/green_stream_holdings_gsfi_announces_plans_and/,Green Stream Holdings $GSFI Announces Plans and Preparation for Application to Uplist to OTCQB Venture Market @jctb1,['plan'],['announce'],[],[],[]
56,1615983890.0,$NLST,"If you haven‚Äôt joined the r/NLST Reddit forum, please join. It‚Äôs not too late, the SK Hynix trial (for patent infringement) is in July, and is expected to be favourable towards Netlist $NLST.",https://www.reddit.com/r/wallstreetbets/comments/m70bx4/if_you_havent_joined_the_rnlst_reddit_forum/,"If you have not joined the r/NLST Reddit forum, please join. it is not too late, the SK Hynix trial (for patent infringement) is in July, and is expected to be favourable towards Netlist $NLST.","['forum', 'trial', 'patent', 'infringement']","['be', 'expect', 'join', 'join']","['late', 'favourable']","['be', 'be', 'be', 'have']",['too']
57,1615983826.0,$FBDL,Friendable $FBDL Sees Big Increases as Its Fan Pass Live Streaming Platform Tops 300 Artist Sign-Ups Midway Through March 2021 @jctb1,https://www.reddit.com/r/wallstreetbets/comments/m70b4t/friendable_fbdl_sees_big_increases_as_its_fan/,Friendable $FBDL Sees Big Increases as Its Fan Pass Live Streaming Platform Tops 300 Artist Sign-Ups Midway Through March 2021 @jctb1,"['increase', 'artist']","['see', 'live']",['big'],[],[]
58,1615983356.0,$CANF,$CANF - Short Squeeze Opportunity,https://www.reddit.com/r/wallstreetbets/comments/m705ib/canf_short_squeeze_opportunity/,$CANF - Short Squeeze Opportunity,"['opportunity', 'squeeze']",[],['short'],[],[]
59,1615983151.0,$CBDL,"CBD Life Sciences, Inc. $CBDL Engages EVIO Labs to Provide Product Certification Testing of CBDL Products @StockAlert8",https://www.reddit.com/r/wallstreetbets/comments/m70364/cbd_life_sciences_inc_cbdl_engages_evio_labs_to/,"CBD Life Sciences, Inc. $CBDL Engages EVIO Labs to Provide Product Certification Testing of CBDL Products @StockAlert8",[],"['engage', 'provide']",[],[],[]
60,1615983119.0,$HMNY,$HMNY to the Moon! üåöü™êüí´,https://www.reddit.com/r/wallstreetbets/comments/m702rr/hmny_to_the_moon/,$HMNY to the Moon!,[],[],[],[],[]
61,1615983106.0,$AMC,Stimulus Check Day Reminder... $AMC and $GME,https://i.redd.it/xtdbb4yi8ln61.jpg,Stimulus Check Day Reminder... $AMC and $GME,"['stimulus', 'check', 'day', 'reminder']",[],[],[],[]
62,1615983106.0,$GME,Stimulus Check Day Reminder... $AMC and $GME,https://i.redd.it/xtdbb4yi8ln61.jpg,Stimulus Check Day Reminder... $AMC and $GME,"['stimulus', 'check', 'day', 'reminder']",[],[],[],[]
63,1615982698.0,$GME,Yesterday $GME showed a strong reversal pattern - reverse pin!,https://i.redd.it/api57k567ln61.png,Yesterday $GME showed a strong reversal pattern - reverse pin!,"['pin', 'pattern', 'yesterday', 'reversal']",['show'],"['strong', 'reverse']",[],[]
64,1615982389.0,$GME,$GME üöÄüöÄüöÄ here we go Bois!! It's on the move!!ü§ëü§ëü§ëü§ë,https://www.reddit.com/r/wallstreetbets/comments/m6zu1o/gme_here_we_go_bois_its_on_the_move/,$GME here we go Bois!! it is on the move!!,['move'],['go'],[],['be'],['here']
65,1615982229.0,$GME,$GME GO BRRRüöÄüöÄüöÄ,https://i.redd.it/6mf929y06ln61.jpg,$GME GO BRRR,[],[],[],[],[]
66,1615981764.0,$AMC,Apes together strong ü¶ç üöÄ üåö $GME $AMC,https://i.redd.it/z624cn4n4ln61.jpg,Apes together strong $GME $AMC,['ape'],['strong'],[],[],['together']
67,1615981764.0,$GME,Apes together strong ü¶ç üöÄ üåö $GME $AMC,https://i.redd.it/z624cn4n4ln61.jpg,Apes together strong $GME $AMC,['ape'],['strong'],[],[],['together']
68,1615981456.0,$TESLA,"""$AMC will rise like $Tesla"" thump up if you believe in so, my target : ""500 billion market cap""",https://i.redd.it/gplry64q3ln61.jpg,"""$AMC will rise like $Tesla"" thump up if you believe in so, my target : ""500 billion market cap""","['target', 'market', 'cap']","['believe', 'thump', 'rise']",[],['will'],['so']
69,1615981065.0,$TLRY,"$TLRY üöÄ. So, the market will be RED until after 2:30pm.today??? That's a long wait!!",https://www.reddit.com/r/wallstreetbets/comments/m6zg8v/tlry_so_the_market_will_be_red_until_after/,"$TLRY . So, the market will be RED until after 2:30pm.today??? that is a long wait!!","['red', 'wait', 'market', 'tlry']",['be'],['long'],"['will', 'be']",['so']
70,1615980423.0,$HUGE,What's going on with $HUGE? Is it worth getting in?,https://i.imgur.com/2HLforp.jpg,what is going on with $HUGE? Is it worth getting in?,[],"['go', 'get']","['huge', 'worth']","['be', 'be']",[]
71,1615980199.0,$KMPH,$KMPH Short Interest,https://i.redd.it/zyx81jlzzkn61.jpg,$KMPH Short Interest,[],[],[],[],[]
72,1615980153.0,$HCMC,$HCMC,https://www.reddit.com/r/wallstreetbets/comments/m6z6tf/hcmc/,$HCMC,['hcmc'],[],[],[],[]
73,1615978472.0,$HCMC,$HCMC,https://www.reddit.com/r/wallstreetbets/comments/m6ypy5/hcmc/,$HCMC,['hcmc'],[],[],[],[]
74,1615977974.0,$GOEV,$GOEV Canoo 4th quarter press release. 3/29 @ 5pm ET.,https://investors.canoo.com/news-presentations/press-releases/detail/50/canoo-to-announce-fourth-quarter-and-full-year-2020,$GOEV Canoo 4th quarter press release. 3/29 @ 5pm ET.,"['quarter', 'press', 'release', 'pm']",[],[],[],[]
75,1615977760.0,$UVN,Uranium is no doubt üöÄto 2007 lvl and beyond! But plz look at the market cap of the companies you buy. I found the real cheap ones $PTU $UVN,https://www.reddit.com/gallery/m6yjd5,Uranium is no doubt to 2007 lvl and beyond! But plz look at the market cap of the companies you buy. I found the real cheap ones $PTU $UVN,"['one', 'company', 'cap', 'market', 'lvl', 'doubt']","['look', 'buy', 'find']","['cheap', 'real']",['be'],['beyond']
76,1615977760.0,$PTU,Uranium is no doubt üöÄto 2007 lvl and beyond! But plz look at the market cap of the companies you buy. I found the real cheap ones $PTU $UVN,https://www.reddit.com/gallery/m6yjd5,Uranium is no doubt to 2007 lvl and beyond! But plz look at the market cap of the companies you buy. I found the real cheap ones $PTU $UVN,"['doubt', 'lvl', 'market', 'cap', 'company', 'one']","['look', 'buy', 'find']","['real', 'cheap']",['be'],['beyond']
77,1615977195.0,$PLUG,$PLUG green energy strategy.,https://www.ir.plugpower.com/Press-Releases/Press-Release-Details/2021/Plug-Power-Continues-Executing-on-its-Green-Hydrogen-Strategy-with-Purchase-of-Hydrogen-Liquefaction-System-from-Chart-Industries/default.aspx,$PLUG green energy strategy.,"['energy', 'strategy', 'plug']",[],['green'],[],[]
78,1615975831.0,$CRWD,YOLO on $CRWD This morning,https://www.reddit.com/r/wallstreetbets/comments/m6y0sd/yolo_on_crwd_this_morning/,YOLO on $CRWD This morning,['morning'],[],[],[],[]
79,1615975258.0,$UVN,Uranium is no doubt üöÄto 2007 lvl and beyond! But when comparing market cap then and now.. $LTBR $UVN $PTU,https://www.reddit.com/gallery/m6xve7,Uranium is no doubt to 2007 lvl and beyond! But when comparing market cap then and now.. $LTBR $UVN $PTU,"['doubt', 'lvl', 'market', 'cap']",['compare'],[],['be'],"['beyond', 'when', 'then', 'now']"
80,1615975258.0,$LTBR,Uranium is no doubt üöÄto 2007 lvl and beyond! But when comparing market cap then and now.. $LTBR $UVN $PTU,https://www.reddit.com/gallery/m6xve7,Uranium is no doubt to 2007 lvl and beyond! But when comparing market cap then and now.. $LTBR $UVN $PTU,"['doubt', 'lvl', 'market', 'cap']",['compare'],[],['be'],"['beyond', 'when', 'then', 'now']"
81,1615975258.0,$PTU,Uranium is no doubt üöÄto 2007 lvl and beyond! But when comparing market cap then and now.. $LTBR $UVN $PTU,https://www.reddit.com/gallery/m6xve7,Uranium is no doubt to 2007 lvl and beyond! But when comparing market cap then and now.. $LTBR $UVN $PTU,"['cap', 'lvl', 'doubt', 'market']",['compare'],[],['be'],"['now', 'then', 'beyond', 'when']"
82,1615974069.0,$NIO,$NIO inverse cup and handle? Or head and shoulders formation? What do you guys think?,https://i.redd.it/e4ljkgerhkn61.jpg,$NIO inverse cup and handle? Or head and shoulders formation? What do you guys think?,"['cup', 'head', 'shoulder', 'formation', 'guy']","['handle', 'think']",['inverse'],['do'],[]
83,1615971030.0,$SNDL,Hedge funds heavily shorting $SNDL,https://www.reddit.com/r/wallstreetbets/comments/m6wtqk/hedge_funds_heavily_shorting_sndl/,Hedge funds heavily shorting $SNDL,"['fund', 'sndl']",['short'],['hedge'],[],['heavily']
84,1615970425.0,$SENS,$SENS,https://www.reddit.com/r/wallstreetbets/comments/m6woen/sens/,$SENS,[],[],[],[],[]
85,1615967937.0,$GME,$GME short volume for conatus / histogen pharmaceuticals is 55%,https://i.redd.it/30abnd1jzjn61.jpg,$GME short volume for conatus / histogen pharmaceuticals is 55%,"['conatus', 'pharmaceutical', 'volume', 'histogen']",[],['short'],['be'],[]
86,1615967691.0,$GME,$GME short volume for conatus / histogen pharmaceuticals is 55%,https://i.redd.it/unu2p1psyjn61.jpg,$GME short volume for conatus / histogen pharmaceuticals is 55%,"['pharmaceutical', 'volume', 'conatus', 'histogen']",[],['short'],['be'],[]
87,1615967277.0,$SNE,I like Sony $SNE,https://www.reddit.com/r/wallstreetbets/comments/m6vy5r/i_like_sony_sne/,I like Sony $SNE,[],['like'],[],[],[]
88,1615963044.0,$AMC,$AMC or $GME? üòè,https://i.redd.it/j7nleoazkjn61.jpg,$AMC or $GME?,[],[],[],[],[]
89,1615963044.0,$GME,$AMC or $GME? üòè,https://i.redd.it/j7nleoazkjn61.jpg,$AMC or $GME?,[],[],[],[],[]
90,1615962445.0,$GME,$GME BETAüíéüëêüá∫üá≤üöÄüöÄüöÄ,https://i.redd.it/6cc3x437jjn61.jpg,$GME BETA,['beta'],[],[],[],[]
91,1615961010.0,$UWMC,$UWMC Gamma Squeeze DD,https://www.reddit.com/r/wallstreetbets/comments/m6uhww/uwmc_gamma_squeeze_dd/,$UWMC Gamma Squeeze DD,['dd'],[],[],[],[]
92,1615960298.0,$GME,What do you guys think of $GME Chart?,https://www.reddit.com/r/wallstreetbets/comments/m6ubq1/what_do_you_guys_think_of_gme_chart/,What do you guys think of $GME Chart?,['guy'],['think'],[],['do'],[]
93,1615959255.0,$HCMC,Hcmc #hcmc $hcmc,https://www.reddit.com/r/wallstreetbets/comments/m6u2z5/hcmc_hcmc_hcmc/,Hcmc #hcmc $hcmc,"['hcmc', 'hcmc']",[],[],[],[]
94,1615958909.0,$SPONF,$SPONF,https://www.reddit.com/r/wallstreetbets/comments/m6tzvg/sponf/,$SPONF,[],[],[],[],[]
95,1615956880.0,$WPG,$wpg,https://www.reddit.com/r/wallstreetbets/comments/m6ti81/wpg/,$wpg,['wpg'],[],[],[],[]
96,1615956840.0,$GME,$GME Keep Buying and Take Profits Friday!!!,https://i.redd.it/ibxr414j2jn61.jpg,$GME Keep Buying and Take Profits Friday!!!,"['profit', 'buying']",['take'],[],[],[]
97,1615956692.0,$GME,$GME,https://i.redd.it/ngxf6t732jn61.jpg,$GME,[],[],[],[],[]
98,1615956242.0,$GME,Live footage of paper hands Portnoy watching $GME drop today,https://v.redd.it/f6gofuoq0jn61,Live footage of paper hands Portnoy watching $GME drop today,"['footage', 'paper', 'hand', 'drop', 'today']",['watch'],['live'],[],[]
99,1615955170.0,$AMC,$AMC $GME Divergence,https://www.reddit.com/gallery/m6t2ky,$AMC $GME Divergence,['divergence'],[],[],[],[]
100,1615955170.0,$GME,$AMC $GME Divergence,https://www.reddit.com/gallery/m6t2ky,$AMC $GME Divergence,['divergence'],[],[],[],[]
101,1615954527.0,$GIK,Lightning eMotors Merger with $GIK,https://www.reddit.com/r/wallstreetbets/comments/m6swyy/lightning_emotors_merger_with_gik/,Lightning eMotors Merger with $GIK,[],[],[],[],[]
102,1615953618.0,$SOLO,Stock Storm $SOLO on Star Wars Day?,https://www.reddit.com/r/wallstreetbets/comments/m6snme/stock_storm_solo_on_star_wars_day/,Stock Storm $SOLO on Star Wars Day?,[],[],[],[],[]
103,1615952652.0,$SCHL,Why I believe Scholastic Corp $SCHL could double,https://www.reddit.com/r/wallstreetbets/comments/m6secq/why_i_believe_scholastic_corp_schl_could_double/,Why I believe Scholastic Corp $SCHL could double,[],"['believe', 'double']",[],['could'],['why']
104,1615952292.0,$SPOT,How do I short $SPOT?,https://www.reddit.com/r/wallstreetbets/comments/m6sasl/how_do_i_short_spot/,How do I short $SPOT?,['SPOT'],['short'],[],['do'],['how']
105,1615951644.0,$CSTL,"$CSTL DD, post-COVID people going outside and they will get cancer and CSTL will get paid",https://www.reddit.com/r/wallstreetbets/comments/m6s4sq/cstl_dd_postcovid_people_going_outside_and_they/,"$CSTL DD, post-COVID people going outside and they will get cancer and CSTL will get paid","['people', 'cancer']","['get', 'pay', 'go']","['post', 'covid']","['will', 'will', 'get']",['outside']
106,1615951244.0,$GME,"SOLIDARITY! $GME CARRY THEM ALL! I created this virtual portfolio in a scenario that you went in all of these stocks equally, to buy them at a fair bouncing back point, after each of the top and crash. And $GME alone is carrying the whole portfolio at almost NO LOSS. $GME IS THE SAVIOR. SOLIDARITY!",https://i.redd.it/4bwi2k4wlin61.jpg,"SOLIDARITY! $GME CARRY THEM ALL! I created this virtual portfolio in a scenario that you went in all of these stocks equally, to buy them at a fair bouncing back point, after each of the top and crash. And $GME alone is carrying the whole portfolio at almost NO LOSS. $GME IS THE SAVIOR. SOLIDARITY!","['savior', 'loss', 'portfolio', 'crash', 'portfolio', 'point', 'stock', 'scenario', 'top']","['carry', 'create', 'go', 'buy', 'bounce', 'carry']","['virtual', 'fair', 'back', 'whole']","['be', 'be']","['alone', 'equally', 'almost']"
107,1615951045.0,$DASH,Melvin‚Äôs part time job after being squeezed feat. $DASH,https://i.redd.it/6tlecktalin61.jpg,Melvin‚Äôs part time job after being squeezed feat. $DASH,"['dash', 'feat', 'job', 'time', 'part']",['squeeze'],[],['be'],[]
108,1615950064.0,$AMC,Sue Shorts Manipulating $GME &amp; $AMC,https://www.reddit.com/r/wallstreetbets/comments/m6rowt/sue_shorts_manipulating_gme_amc/,Sue Shorts Manipulating $GME &amp; $AMC,"['short', 'amp']",['manipulate'],[],[],[]
109,1615950064.0,$GME,Sue Shorts Manipulating $GME &amp; $AMC,https://www.reddit.com/r/wallstreetbets/comments/m6rowt/sue_shorts_manipulating_gme_amc/,Sue Shorts Manipulating $GME &amp; $AMC,"['short', 'amp']",['manipulate'],[],[],[]
110,1615949976.0,$PFE,$PFE Yolo Leaps looking good so far. Expiry Jan 21 - The old Pharma beast has been consolidating for years and waking up.,https://i.redd.it/h9aeokd4iin61.jpg,$PFE Yolo Leaps looking good so far. Expiry Jan 21 - The old Pharma beast has been consolidating for years and waking up.,"['expiry', 'beast', 'year']","['wake', 'consolidate', 'look']","['good', 'old']","['leaps', 'have', 'be']","['far', 'so']"
111,1615949758.0,$CDEV,$cdev #oil to 100 dollar a barrel - burn that midnight oil baby!,https://www.reddit.com/r/wallstreetbets/comments/m6rlcm/cdev_oil_to_100_dollar_a_barrel_burn_that/,$cdev #oil to 100 dollar a barrel - burn that midnight oil baby!,"['baby', 'oil', 'midnight', 'dollar', 'barrel', 'oil', 'burn']",[],[],[],[]
112,1615949756.0,$GME,u/TheRoaringKitty's reaction after getting 1000s of upvotes and hundreds of awards on that account for the first time on a meme post when his DD posts on $GME 6-7 months ago were completely ignored.,https://i.redd.it/t8xgp676fin61.png,you/TheRoaringKitty's reaction after getting 1000s of upvotes and hundreds of awards on that account for the first time on a meme post when his DD posts on $GME 6-7 months ago were completely ignored.,"['post', 'month', 'post', 'dd', 'meme', 'account', 'award', 'hundred', 'upvote', 'reaction', 'time']","['get', 'ignore']",['first'],['be'],"['when', 'ago', 'completely']"
113,1615949655.0,$GME,"$GME CARRY THEM ALL! I created this virtual portfolio in a scenario that you went in all of these WSB hot names equally, to buy them at a reasonable bouncing back point, after each of the big top and the big crash. And $GME alone is carrying the whole portfolio at almost NO LOSS. $GME IS THE SAVIOR",https://i.redd.it/znnc4j85hin61.png,"$GME CARRY THEM ALL! I created this virtual portfolio in a scenario that you went in all of these WSB hot names equally, to buy them at a reasonable bouncing back point, after each of the big top and the big crash. And $GME alone is carrying the whole portfolio at almost NO LOSS. $GME IS THE SAVIOR","['point', 'portfolio', 'scenario', 'name', 'top', 'crash', 'portfolio', 'loss', 'savior']","['carry', 'create', 'go', 'buy', 'bounce', 'carry']","['virtual', 'hot', 'reasonable', 'back', 'big', 'big', 'whole']","['be', 'be']","['equally', 'alone', 'almost']"
114,1615949095.0,$GPRO,$GPRO is Poppin,https://www.reddit.com/r/wallstreetbets/comments/m6reb2/gpro_is_poppin/,$GPRO is Poppin,[],[],[],['be'],[]
115,1615948991.0,$GME,"$GME CARRY THEM ALL! I created this virtual portfolio in a scenario that you went in all of these WSB hot stocks equally, to buy them at a reasonable bouncing back point, after each of the big top and the big crash. And $GME alone is carrying the whole portfolio at a not very terrible loss.",https://i.redd.it/w7hpkjlodin61.png,"$GME CARRY THEM ALL! I created this virtual portfolio in a scenario that you went in all of these WSB hot stocks equally, to buy them at a reasonable bouncing back point, after each of the big top and the big crash. And $GME alone is carrying the whole portfolio at a not very terrible loss.","['portfolio', 'loss', 'crash', 'top', 'stock', 'scenario', 'portfolio', 'point']","['carry', 'bounce', 'buy', 'create', 'carry', 'go']","['terrible', 'whole', 'big', 'big', 'hot', 'reasonable', 'virtual', 'back']",['be'],"['alone', 'equally', 'very']"
116,1615948891.0,$AMC,$AMC or $BB?,https://www.reddit.com/r/wallstreetbets/comments/m6rc8e/amc_or_bb/,$AMC or $BB?,[],[],[],[],[]
117,1615948390.0,$AMC,"I will single handedly increase $AMC attendance üòÇüòÇ already booked out a theatre for 30 people to start, still have a shit ton left for another event. AMC TO THE MOON! üöÄüöÄüöÄ üåô we‚Äôre gonna see King Kong V Godzilla üé•üî•üåÜü¶çüí•ü¶ñüçøüëåüèºüòé",https://www.reddit.com/gallery/m6r6sx,"I will single handedly increase $AMC attendance already booked out a theatre for 30 people to start, still have a shit ton left for another event. AMC TO THE MOON! we are going to see King Kong V Godzilla","['event', 'attendance', 'theatre', 'people', 'shit', 'ton']","['see', 'single', 'increase', 'book', 'start', 'have', 'leave', 'go']",[],"['will', 'be']","['handedly', 'already', 'still']"
118,1615948296.0,$AMC,Drop a STIMMY on $AMC,https://www.reddit.com/r/wallstreetbets/comments/m6r5qu/drop_a_stimmy_on_amc/,Drop a STIMMY on $AMC,[],['drop'],[],[],[]
119,1615947208.0,$CBAT,$CBAT DD: not just EV,https://www.reddit.com/r/wallstreetbets/comments/m6qu18/cbat_dd_not_just_ev/,$CBAT DD: not just EV,[],[],[],[],['just']
120,1615946783.0,$HMNY,Next GME! CNN Calling $1250. Less then one cent. Get in while you can!!! I like this stock $HMNY,https://www.reddit.com/r/wallstreetbets/comments/m6qp06/next_gme_cnn_calling_1250_less_then_one_cent_get/,Next GME! CNN Calling $1250. Less then one cent. Get in while you can!!! I like this stock $HMNY,"['cent', 'stock']","['like', 'call', 'get']",['Less'],['can'],['then']
121,1615946581.0,$HMNY,Next GME!!! CNN Calling for PT of 1250!!!! $HMNY Get in while you can!!!! Less than .01,https://www.reddit.com/r/wallstreetbets/comments/m6qmqo/next_gme_cnn_calling_for_pt_of_1250_hmny_get_in/,Next GME!!! CNN Calling for PT of 1250!!!! $HMNY Get in while you can!!!! Less than .01,[],"['call', 'get']",['Less'],['can'],[]
122,1615946025.0,$CLOV,$CLOV St. Patrick‚Äôs Day ‚òòÔ∏è‚òòÔ∏è‚òòÔ∏è,https://www.reddit.com/r/wallstreetbets/comments/m6qg25/clov_st_patricks_day/,$CLOV St. Patrick‚Äôs Day,['day'],[],[],[],[]
123,1615945970.0,$AMC,Watching The Big Short before tomorrow. üöÄüíéüëèüèº #hodl $GME $AMC üí∏ü§ëü¶çüçå,https://v.redd.it/k1cm7tbt5in61,Watching The Big Short before tomorrow. #hodl $GME $AMC,['tomorrow'],"['watch', 'hodl']",[],[],[]
124,1615945970.0,$GME,Watching The Big Short before tomorrow. üöÄüíéüëèüèº #hodl $GME $AMC üí∏ü§ëü¶çüçå,https://v.redd.it/k1cm7tbt5in61,Watching The Big Short before tomorrow. #hodl $GME $AMC,['tomorrow'],"['hodl', 'watch']",[],[],[]
125,1615945872.0,$GME,"I live right above the Manhattan GameStop you see in the news, and this is my nightly smoke spot. Light one up and hold it down for $GME overnight boys",https://i.redd.it/hvwyl9bw5in61.jpg,"I live right above the Manhattan GameStop you see in the news, and this is my nightly smoke spot. Light one up and hold it down for $GME overnight boys","['spot', 'light', 'news', 'smoke', 'boy']","['see', 'be', 'live', 'hold']","['overnight', 'nightly']",[],['right']
126,1615945054.0,$GME,"207 days ago only 3 people liked r/roaringkitty post expressing $GME‚Äôs potential , look how big of a movement it is now. Wish I would have listened then üíéüôåüèΩ",https://i.redd.it/7d54b0hh3in61.jpg,"207 days ago only 3 people liked r/roaringkitty post expressing $GME‚Äôs potential , look how big of a movement it is now. Wish I would have listened then","['post', 'movement', 'roaringkitty', 'potential', 'people', 'day', 'r']","['express', 'listen', 'wish', 'like', 'look']",['big'],"['be', 'would', 'have']","['then', 'how', 'now', 'ago', 'only']"
127,1615944852.0,$UNFI,Be careful w bill gross. A smart man. Old school for sure but Wiley as a coyote. All the best. $expr $rsvau $unfi $hmbl,https://www.reddit.com/r/wallstreetbets/comments/m6q2m0/be_careful_w_bill_gross_a_smart_man_old_school/,Be careful w bill gross. A smart man. Old school for sure but Wiley as a coyote. All the best. $expr $rsvau $unfi $hmbl,"['bill', 'man', 'school', 'coyote', 'expr', 'unfi', 'hmbl']",['be'],"['careful', 'gross', 'smart', 'old', 'sure', 'good']",[],[]
128,1615944852.0,$EXPR,Be careful w bill gross. A smart man. Old school for sure but Wiley as a coyote. All the best. $expr $rsvau $unfi $hmbl,https://www.reddit.com/r/wallstreetbets/comments/m6q2m0/be_careful_w_bill_gross_a_smart_man_old_school/,Be careful w bill gross. A smart man. Old school for sure but Wiley as a coyote. All the best. $expr $rsvau $unfi $hmbl,"['bill', 'man', 'school', 'coyote', 'expr', 'unfi', 'hmbl']",['be'],"['careful', 'gross', 'smart', 'old', 'sure', 'good']",[],[]
129,1615944852.0,$HMBL,Be careful w bill gross. A smart man. Old school for sure but Wiley as a coyote. All the best. $expr $rsvau $unfi $hmbl,https://www.reddit.com/r/wallstreetbets/comments/m6q2m0/be_careful_w_bill_gross_a_smart_man_old_school/,Be careful w bill gross. A smart man. Old school for sure but Wiley as a coyote. All the best. $expr $rsvau $unfi $hmbl,"['hmbl', 'coyote', 'unfi', 'man', 'school', 'bill', 'expr']",['be'],"['good', 'sure', 'old', 'gross', 'careful', 'smart']",[],[]
130,1615944852.0,$RSVAU,Be careful w bill gross. A smart man. Old school for sure but Wiley as a coyote. All the best. $expr $rsvau $unfi $hmbl,https://www.reddit.com/r/wallstreetbets/comments/m6q2m0/be_careful_w_bill_gross_a_smart_man_old_school/,Be careful w bill gross. A smart man. Old school for sure but Wiley as a coyote. All the best. $expr $rsvau $unfi $hmbl,"['bill', 'man', 'school', 'coyote', 'expr', 'unfi', 'hmbl']",['be'],"['careful', 'gross', 'smart', 'old', 'sure', 'good']",[],[]
131,1615944789.0,$CPLG,$CPLG - where my $GME tendies go to retire,https://www.reddit.com/r/wallstreetbets/comments/m6q1v9/cplg_where_my_gme_tendies_go_to_retire/,$CPLG - where my $GME tendies go to retire,['tendie'],"['go', 'retire']",[],[],['where']
132,1615944789.0,$GME,$CPLG - where my $GME tendies go to retire,https://www.reddit.com/r/wallstreetbets/comments/m6q1v9/cplg_where_my_gme_tendies_go_to_retire/,$CPLG - where my $GME tendies go to retire,['tendie'],"['go', 'retire']",[],[],['where']
133,1615944139.0,$GBHL,$GBHL Could be trump's new online social media platform.,https://patriotic.republican/,$GBHL Could be trump's new online social media platform.,"['medium', 'platform', 'trump']",['be'],"['new', 'online', 'social']",['could'],[]
134,1615943198.0,$GME,Got a few more rounds to go $GME$,https://www.reddit.com/r/wallstreetbets/comments/m6pja7/got_a_few_more_rounds_to_go_gme/,Got a few more rounds to go $GME$,['round'],"['got', 'go']","['few', 'more']",[],[]
135,1615942656.0,$BABA,"RIP in pieces $BABA bulls, Winnie cucking y‚Äôall to the underworld where Ma is",https://i.redd.it/wugd0dtcwhn61.jpg,"RIP in pieces $BABA bulls, Winnie cucking you all to the underworld where Ma is","['piece', 'bull', 'underworld']","['cucke', 'rip']",[],['be'],['where']
136,1615942555.0,$ADIL,Anyone jumping into $ADIL?? #bullish,https://www.reddit.com/r/wallstreetbets/comments/m6pbeb/anyone_jumping_into_adil_bullish/,Anyone jumping into $ADIL?? #bullish,[],['jump'],['bullish'],[],[]
137,1615942453.0,$NIO,$NIO,https://www.reddit.com/r/wallstreetbets/comments/m6pa7f/nio/,$NIO,[],[],[],[],[]
138,1615942026.0,$KNDI,Let‚Äôs make $KNDI the next GME üòà,https://www.reddit.com/r/wallstreetbets/comments/m6p5id/lets_make_kndi_the_next_gme/,let us make $KNDI the next GME,[],"['let', 'make']",['next'],[],[]
139,1615941692.0,$IWM,$IWM will tank further tomorrow...,https://www.reddit.com/r/wallstreetbets/comments/m6p1vp/iwm_will_tank_further_tomorrow/,$IWM will tank further tomorrow...,"['iwm', 'tomorrow']",['tank'],[],['will'],['far']
140,1615941150.0,$PLTR,I have around $8500 in profit from trading this past year. I am thinking of dumping it all in $PLTR. I'm open to all suggestions I also have some money in $UWMC,https://www.reddit.com/r/wallstreetbets/comments/m6ovwk/i_have_around_8500_in_profit_from_trading_this/,I have around $8500 in profit from trading this past year. I am thinking of dumping it all in $PLTR. I am open to all suggestions I also have some money in $UWMC,"['money', 'suggestion', 'profit', 'year']","['have', 'think', 'dump', 'have', 'trade']","['open', 'past']","['be', 'be']",['also']
141,1615941150.0,$UWMC,I have around $8500 in profit from trading this past year. I am thinking of dumping it all in $PLTR. I'm open to all suggestions I also have some money in $UWMC,https://www.reddit.com/r/wallstreetbets/comments/m6ovwk/i_have_around_8500_in_profit_from_trading_this/,I have around $8500 in profit from trading this past year. I am thinking of dumping it all in $PLTR. I am open to all suggestions I also have some money in $UWMC,"['profit', 'year', 'suggestion', 'money']","['have', 'dump', 'have', 'trade', 'think']","['past', 'open']","['be', 'be']",['also']
142,1615941049.0,$GME,A song for all the $GME retards out there. Artist is HarvoYT,https://v.redd.it/lygqrtk9rhn61,A song for all the $GME retards out there. Artist is HarvoYT,"['song', 'retard', 'artist']",[],[],['be'],"['there', 'out']"
143,1615940796.0,$GME,$BBBY - Went in a few weeks ago and finally seeing some movement. Broker still doesn‚Äôt allow $GME buying soo.... $BBBY for the meantime. Reppin‚Äô all the way from Kenya. üá∞üá™üá∞üá™ üíé üíéüíéüíéü§≤ü§≤ü§≤ü§≤ü§≤üíéüíéüíéüíé,https://i.redd.it/zr15bnhtqhn61.jpg,$BBBY - Went in a few weeks ago and finally seeing some movement. Broker still does not allow $GME buying soo.... $BBBY for the meantime. Reppin‚Äô all the way from Kenya.,"['way', 'meantime', 'BBBY', 'movement', 'week', 'buying']","['go', 'see', 'allow']",['few'],['do'],"['ago', 'finally', 'still']"
144,1615940796.0,$BBBY,$BBBY - Went in a few weeks ago and finally seeing some movement. Broker still doesn‚Äôt allow $GME buying soo.... $BBBY for the meantime. Reppin‚Äô all the way from Kenya. üá∞üá™üá∞üá™ üíé üíéüíéüíéü§≤ü§≤ü§≤ü§≤ü§≤üíéüíéüíéüíé,https://i.redd.it/zr15bnhtqhn61.jpg,$BBBY - Went in a few weeks ago and finally seeing some movement. Broker still does not allow $GME buying soo.... $BBBY for the meantime. Reppin‚Äô all the way from Kenya.,"['week', 'movement', 'buying', 'BBBY', 'meantime', 'way']","['go', 'see', 'allow']",['few'],['do'],"['ago', 'finally', 'still']"
145,1615940509.0,$CLDR,Cloudera $CLDR üöÄüöÄüöÄ,https://www.reddit.com/r/wallstreetbets/comments/m6ooht/cloudera_cldr/,Cloudera $CLDR,[],[],[],[],[]
146,1615939915.0,$GME,$GME Gang RN,https://v.redd.it/wu1pmsd3ohn61,$GME Gang RN,['rn'],[],[],[],[]
147,1615939904.0,$ZOM,$ZOM (Zomedica Corp) ‚Äì Their product first sell and what my opinion,https://www.reddit.com/r/wallstreetbets/comments/m6oh53/zom_zomedica_corp_their_product_first_sell_and/,$ZOM (Zomedica Corp) ‚Äì Their product first sell and what my opinion,"['opinion', 'product']",['sell'],[],[],['first']
148,1615939694.0,$PLTR,$PLTR. $AMZN. ‚ÄúWall Street Short-termism‚Äù History repeats itself,https://www.reddit.com/r/wallstreetbets/comments/m6oese/pltr_amzn_wall_street_shorttermism_history/,$PLTR. $AMZN. ‚ÄúWall Street Short-termism‚Äù History repeats itself,"['termism', 'history']",['repeat'],[],[],[]
149,1615939694.0,$AMZN,$PLTR. $AMZN. ‚ÄúWall Street Short-termism‚Äù History repeats itself,https://www.reddit.com/r/wallstreetbets/comments/m6oese/pltr_amzn_wall_street_shorttermism_history/,$PLTR. $AMZN. ‚ÄúWall Street Short-termism‚Äù History repeats itself,"['termism', 'history']",['repeat'],[],[],[]
150,1615939214.0,$NOK,$noküöÄüöÄüöÄ,https://www.reddit.com/r/wallstreetbets/comments/m6o8wk/nok/,$nok,['nok'],[],[],[],[]
151,1615938868.0,$GME,üåüüí•Getting Stimulus check tomorrow and buying 7more shares of $GME üöÄüí•ü™êü¶çüçå,https://www.reddit.com/r/wallstreetbets/comments/m6o50v/getting_stimulus_check_tomorrow_and_buying_7more/,Getting Stimulus check tomorrow and buying 7more shares of $GME,"['tomorrow', 'share']","['get', 'check', 'buy']",['stimulus'],[],[]
152,1615938313.0,$AMC,Big news for $AMC üöÄ,https://i.redd.it/qadjqjzfjhn61.jpg,Big news for $AMC,['news'],[],['big'],[],[]
153,1615936819.0,$GME,We are in this together and we are going to the moon and beyond together! Hold $Gme üôåüèΩüíéüöÄ,https://i.redd.it/sdh0o7pzehn61.jpg,We are in this together and we are going to the moon and beyond together! Hold $Gme,['moon'],"['go', 'hold']",[],"['be', 'be']","['beyond', 'together', 'together']"
154,1615936235.0,$SNPR,$SNPR,https://www.reddit.com/r/wallstreetbets/comments/m6nat8/snpr/,$SNPR,['snpr'],[],[],[],[]
155,1615935253.0,$NOK,$nok to the moon,https://www.reddit.com/r/wallstreetbets/comments/m6myyb/nok_to_the_moon/,$nok to the moon,"['moon', 'nok']",[],[],[],[]
156,1615934704.0,$AMC,"If you can do yourself one favor, please check out $HMNY. This thing is radioactive, bigger than $AMC",https://www.reddit.com/r/wallstreetbets/comments/m6mslg/if_you_can_do_yourself_one_favor_please_check_out/,"If you can do yourself one favor, please check out $HMNY. This thing is radioactive, bigger than $AMC","['favor', 'thing']","['do', 'check']","['radioactive', 'big']","['can', 'be']",[]
157,1615934704.0,$HMNY,"If you can do yourself one favor, please check out $HMNY. This thing is radioactive, bigger than $AMC",https://www.reddit.com/r/wallstreetbets/comments/m6mslg/if_you_can_do_yourself_one_favor_please_check_out/,"If you can do yourself one favor, please check out $HMNY. This thing is radioactive, bigger than $AMC","['favor', 'thing']","['check', 'do']","['radioactive', 'big']","['can', 'be']",[]
158,1615933838.0,$AMC,Melvin $GME $AMC,https://i.redd.it/r8qfgtv46hn61.jpg,Melvin $GME $AMC,[],[],[],[],[]
159,1615933838.0,$GME,Melvin $GME $AMC,https://i.redd.it/r8qfgtv46hn61.jpg,Melvin $GME $AMC,[],[],[],[],[]
160,1615933476.0,$BIFI,$BiFi,https://www.reddit.com/r/wallstreetbets/comments/m6mdv5/bifi/,$BiFi,['bifi'],[],[],[],[]
161,1615933117.0,$CUM,"$CUM - A new ETF, for a new era üíéüôåü¶çüöÄüí¶",https://www.reddit.com/r/wallstreetbets/comments/m6m9f0/cum_a_new_etf_for_a_new_era/,"$CUM - A new ETF, for a new era","['etf', 'era']",[],"['new', 'new']",[],[]
162,1615932667.0,$KOSS,Can $KOSS help us?,https://www.reddit.com/r/wallstreetbets/comments/m6m3r5/can_koss_help_us/,Can $KOSS help us?,[],['help'],[],['can'],[]
163,1615932340.0,$FLNT,"$FLNT guys this is a major buy , load up right now when price is cheap",https://i.redd.it/lw4oguko1hn61.jpg,"$FLNT guys this is a major buy , load up right now when price is cheap","['guy', 'buy', 'price']","['load', 'be']","['major', 'cheap']",['be'],"['now', 'right', 'when']"
164,1615932136.0,$GME,$GME,https://i.redd.it/r16ejpj01hn61.png,$GME,,,,,
